Mean Distillation Alpha,action_mean_time,actor_episodes,actor_steps,env_step_mean_time,episode_length,episode_return,evaluator_episodes,evaluator_steps,intrinsic_rewards_mean,intrinsic_rewards_sum,is_eval,learner_steps,learner_time_elapsed,mixture_idx,observe_mean_time,steps_per_second
1.0002419393509627,0.043245042186261455,147684,56497783,0.48838051099219343,3200,400.0,1491,914450,10.069678604872813,32233.041214197874,0,41856,20185.131486415863,0,0.021634394182179335,1.7977008576941154
1.0006200692994505,0.049440084366824906,147971,56602972,0.5080320327417785,2707,400.0,1492,917157,10.827037533153636,29319.617639780045,0,41905,21051.020009040833,1,0.024673056088278078,1.7057202368881443
1.0087117553816902,0.042535122883711196,148539,57078519,0.4963076537896334,6750,400.0,1493,923907,14.9391175589108,100853.98264020681,0,42336,21257.103484153748,2,0.020276679236730193,1.7838970564148473
1.0443553519914703,0.04341588040659961,148631,57138115,0.49428196994765716,1146,400.0,1494,925053,15.381838608666307,17642.968884140253,0,42386,21282.15156531334,3,0.02043490574259876,1.7853468834914095
1.2598689020783813,0.04104146095526007,149179,57528648,0.4928796950944487,6480,400.0,1495,931533,21.58878107259734,139916.89013150334,0,42683,21436.821736335754,4,0.020297733927168056,1.7987364883752637
1.1642568922590935,0.04152624387428506,149303,57631344,0.504049049763241,1305,400.0,1496,932838,19.378012808573192,25307.684727996588,0,42745,21466.021646022797,5,0.019408574839812776,1.7644496461898487
1.3719320487998716,0.04074951799142105,149501,57759296,0.4806812459335531,2106,400.0,1497,934944,24.33939399646253,51283.10315054655,0,42840,21510.339881896973,6,0.021541325738321803,1.8360059844388155
1.1940978394024702,0.04535222227514024,149550,57791870,0.5181468409093375,629,400.0,1498,935573,21.340131676386275,13444.282956123352,0,42870,21522.96355986595,7,0.020519750352948164,1.705588684760697
1.4104908820369113,0.04287675323743886,149791,57956244,0.5061610659186992,2485,400.0,1499,938058,21.7012999932179,53949.431783139706,0,42988,21579.228544712067,8,0.021499489261967274,1.7468190182741663
1.1911339451812692,0.04044106014091164,150187,58198568,0.49203388476897864,4385,400.0,1500,942443,16.155550080710388,70858.24265399575,0,43185,21673.08303642273,9,0.020605532008902812,1.8026031551653479
1.5408283277568753,0.04188924025970134,150367,58338836,0.5023300655299765,1802,400.0,1501,944245,25.680498220691796,46301.93829190731,0,43271,21714.215171575546,10,0.02071558472918098,1.7628625104028097
1.254869865876657,0.04013809761645152,150991,58737145,0.4944407855918517,6750,0.0,1502,950995,15.892137821635181,107287.82243385911,0,43580,21861.676746606827,11,0.02015109853021298,1.797635875282569
1.5128593825448113,0.041752426965620204,151087,58785141,0.5094030876518966,902,100.0,1503,951897,27.470563886305555,24805.919189333916,0,43622,21881.198501348495,12,0.019838117791427745,1.7450566733053299
2.004221912739532,0.04264166372995045,151139,58833995,0.5269770682433546,448,0.0,1504,952345,36.245638605348255,16274.291733801365,0,43644,21890.518991947174,13,0.019693746325815806,1.6876911593538773
1.6327361004450316,0.04348159064531514,151196,58868281,0.5390081739090885,561,100.0,1505,952906,30.369458841418457,17067.635868877172,0,43672,21901.88930606842,14,0.019573034657785718,1.6512764946529976
1.560438293159206,0.04154479182405315,151230,58885477,0.49786894611969673,301,0.0,1506,953207,31.864555366189276,9623.095720589161,0,43684,21907.104716539383,15,0.020096192691192623,1.7782586789090922
1.17124497084226,0.04462434132847413,151257,58897039,0.5078430431254709,207,0.0,1507,953414,21.97496743213672,4570.793225884438,0,43696,21911.14066886902,16,0.023358770908229954,1.7290568604944598
1.4561698032713024,0.03950965853068543,151314,58931209,0.469938191713324,537,0.0,1508,953951,24.46620516130029,13162.818376779556,0,43714,21919.438653707504,17,0.018677374862076573,1.8859092219588578
1.323688529228252,0.040032689088771715,151376,58960848,0.4788208034166028,732,400.0,1509,954683,23.381856412549297,17138.900750398636,0,43750,21934.72377705574,18,0.01909170369266765,1.8486922940656292
1.28290100219763,0.04170363340022555,151489,59035265,0.5162619212890402,1152,0.0,1510,955835,21.22291673449775,24470.022994875908,0,43806,21958.68837738037,19,0.018889673658789106,1.7274986698038293
1.129593309127923,0.03547203944450449,151513,59046399,0.49544204406056175,198,0.0,1511,956033,19.181985311771758,3817.2150770425797,0,43817,21963.349559545517,20,0.020857147838420003,1.7979766571038962
1.2971151063853765,0.042581257944367464,151583,59100198,0.5182577395020684,701,0.0,1512,956734,21.4092492270164,15029.292957365513,0,43848,21981.69029045105,21,0.01982615989303857,1.7158740101502041
1.3284918995900343,0.03808659524019672,151619,59118070,0.49818963835874497,354,0.0,1513,957088,25.183198412791103,8940.035436540842,0,43867,21991.55123615265,22,0.017088281680825875,1.7977622436878307
1.4066027891759887,0.041785874606226396,151688,59153519,0.5175092454443415,673,0.0,1514,957761,23.615817001824563,15917.060659229755,0,43897,22003.187159776688,23,0.02129186747694288,1.715890426543331
1.3864997602009272,0.04099338612029935,151758,59191380,0.4995393870336582,715,0.0,1515,958476,22.13635421764917,15849.629619836807,0,43930,22016.765179157257,24,0.02063202343365097,1.7752449541756772
1.3164106981451589,0.03977192862656685,151867,59275989,0.5041609717104635,953,0.0,1516,959429,21.487129031799626,20498.72109633684,0,43975,22035.64122724533,25,0.019241357458603166,1.76876322167277
1.2309616125082667,0.04538782643559691,151925,59302587,0.5218762497367618,395,0.0,1517,959824,23.321206727563734,9235.197864115238,0,43992,22042.98314023018,26,0.022057674589938604,1.688456230209094
1.4119909188239093,0.0411178164165816,152066,59371862,0.5243091208645543,1121,0.0,1518,960945,23.86886228087114,26780.86347913742,0,44047,22068.225663661957,27,0.017049064059746287,1.7118565354702737
1.4288588518349725,0.03877629543067702,152122,59402343,0.4953064427367041,562,0.0,1519,961507,22.523675256522893,12680.829169422388,0,44072,22079.6958360672,28,0.01831270554442027,1.8012306952182533
1.3014917844420026,0.03912569238847102,152136,59414119,0.5157763753881586,157,0.0,1520,961664,25.518659215939195,4031.948156118393,0,44081,22083.06642150879,29,0.024872739120802893,1.7017639520216934
1.3464796218742319,0.03611529604429862,152171,59434681,0.5138061648027286,294,0.0,1521,961958,24.556272713410653,7244.100450456142,0,44096,22089.06186580658,30,0.01771806630289711,1.7498094671808704
1.3735820671353178,0.04412356194095839,152205,59444200,0.5016075895573944,323,0.0,1522,962281,23.66094914952546,7666.147524446249,0,44112,22096.368111610413,31,0.019563034424321668,1.759316044051145
1.0881923271522362,0.04071851829540571,152304,59493069,0.5072913529263433,1195,400.0,1523,963476,12.31268519098344,14725.971488416195,0,44166,22119.570139169693,0,0.020492214993514057,1.729337959613345
1.2849305378494216,0.04009247978099243,152562,59676646,0.49305648044153394,3311,400.0,1524,966787,19.471074721960413,64488.19947913289,0,44317,22191.120748758316,1,0.020306494378390504,1.7972266635573169
1.3838036815644403,0.04080077197762241,152692,59798340,0.5051993453148123,1744,400.0,1525,968531,20.424505434541786,35640.76198327541,0,44400,22228.074928045273,2,0.019757654661789442,1.7608803921740865
1.1733999516645368,0.04347541740092961,152741,59831752,0.5048007946329168,681,400.0,1526,969212,15.667217049693082,10685.042027890682,0,44430,22240.661999464035,3,0.01839828690296523,1.7498350733005374
1.5576432578208792,0.04343546420220771,152814,59905499,0.5144473636088387,1048,400.0,1527,970260,28.602040608089464,30003.540597885847,0,44485,22264.750057697296,4,0.023119937842467977,1.7116490643415687
2.3177956991929274,0.04012004656298534,152836,59913201,0.4524324811722349,325,400.0,1528,970585,36.80224865272733,11997.533060789108,0,44494,22267.62327528,5,0.021335515513648994,1.924911586444686
1.0128541522881322,0.03984517483312064,152860,59950836,0.45152770313018126,407,400.0,1529,970992,18.237265262241458,7440.8042269945145,0,44518,22279.488758802414,6,0.02146761013276152,1.9261461273498022
1.0235545252996778,0.03943732294280799,152899,59988028,0.477915985984111,630,400.0,1530,971622,17.0352152788129,10749.220840930939,0,44543,22293.6959939003,7,0.022769019072958533,1.8358699116005743
1.0703910644385417,0.03775680536606339,152930,60014493,0.4920290647885564,497,400.0,1531,972119,20.870012936821905,10393.266442537308,0,44569,22309.312235355377,8,0.020612049003991217,1.790421017733325
1.2945836426417032,0.040348067809765104,153359,60376437,0.4765461402267802,6750,400.0,1532,978869,4.217549280323217,28472.67519146204,0,44867,22453.686849594116,9,0.020368311871198884,1.8548899549797084
1.0014713600780187,0.04063858495064778,153381,60406540,0.508579100934714,445,0.0,1533,979314,16.320439190741613,7278.915879070759,0,44891,22464.804819107056,10,0.020307560096425526,1.737242069587453
1.0128774998605055,0.038819708398861424,153453,60479169,0.5052085501326987,1515,0.0,1534,980829,14.1708059130841,21482.941764235497,0,44963,22497.5450899601,18,0.017977960615787884,1.7709429305132853
1.0208851344445173,0.04023712739293937,153616,60679632,0.48751358802123396,3196,400.0,1535,984025,4.742667788382728,15162.308919459581,0,45111,22566.576548337936,0,0.02147134841241664,1.8131104540926566
2.564417911386027,0.03794895783516729,153634,60710673,0.49050190825719875,206,400.0,1536,984231,41.887083223044584,8670.626227170229,0,45122,22572.31446003914,1,0.024136924679729877,1.7107165623779128
1.1277318261563778,0.037183966393058654,153646,60718162,0.4683140629242319,224,400.0,1537,984455,22.872012857860987,5146.2028930187225,0,45131,22576.603167057037,2,0.01781703431687934,1.862020875075124
1.0996784225003473,0.04066620636114184,153690,60787322,0.5183611501350894,725,400.0,1538,985180,17.338829850280252,12587.990471303463,0,45169,22592.50816822052,3,0.019289328455222483,1.7169268938550981
1.1289153880760319,0.03964730603389093,153776,60885778,0.5038981036433046,1769,400.0,1539,986949,16.460896680449363,29135.78712439537,0,45248,22628.576286792755,4,0.020057977152672567,1.7682027783576344
1.3794050252567416,0.041212822124961405,153999,61121612,0.5035086660006448,3122,400.0,1540,990071,18.138253967864294,56645.767141640186,0,45397,22707.73814725876,5,0.019942188271337334,1.7656276253481356
1.4506711674443746,0.04319451566527154,154047,61158866,0.4958562894195384,472,400.0,1541,990543,21.420042557141745,10131.680129528046,0,45422,22719.14817214012,6,0.017440980245783836,1.778468612496537
1.0107539697243126,0.03823704935383472,154074,61185694,0.4492922058656814,373,400.0,1542,990916,18.888512667009536,7064.303737461567,0,45438,22726.27304315567,7,0.02441821690062738,1.9311257137041262
1.0183171867574536,0.0372422475144289,154122,61221355,0.457151531207477,795,400.0,1543,991711,18.30525881639827,14570.986017853022,0,45471,22742.047226905823,8,0.018915588608847744,1.9380373142568783
1.1025104817264666,0.03942803715612187,154261,61343861,0.49930417860986587,1979,400.0,1544,993690,11.722695898768878,23210.937879562378,0,45564,22786.819633483887,9,0.019398112756576706,1.7852339534849324
1.1939916147040417,0.0399647367688283,154645,61643069,0.4781513516214218,4638,400.0,1545,998328,13.693950399464127,63526.23590311408,0,45771,22877.42008447647,0,0.0207011868292329,1.848202812087005
1.2927805350747401,0.03882897806606956,155101,61911146,0.48126406929381715,5001,400.0,1546,1003329,16.056881245989793,80316.51999244094,0,45993,22984.9801633358,1,0.019395518928049544,1.8481720249529596
1.5727706370775167,0.043634908090113944,155153,61950615,0.4560906310571242,577,400.0,1547,1003906,29.342129148413978,16959.75064778328,0,46020,22997.988324403763,2,0.021660858001609405,1.8888015838641692
1.5335781260381771,0.037651348718894424,155181,61963195,0.4649249933393307,395,400.0,1548,1004301,30.017284511240444,11886.844666451216,0,46036,23003.238449573517,3,0.02035013135694648,1.8967384932047966
1.226694485106444,0.041446822559536196,155259,62011050,0.5198157273832945,788,400.0,1549,1005089,22.060933715981374,17406.076701909304,0,46074,23022.22089767456,4,0.02288169587826893,1.692373274373892
1.575852103872672,0.039951774260305925,155415,62127953,0.5033474107297068,1790,400.0,1550,1006879,20.169050881910564,36122.77012950182,0,46159,23063.377713918686,5,0.02021796219328915,1.7664440823186673
1.1279490271133528,0.04052398206075664,155777,62356133,0.5016892253396145,3786,400.0,1551,1010665,14.6337022564957,55417.83044534922,0,46333,23140.64854502678,6,0.019682546168737575,1.77377394146419
1.4217228572029,0.037507032004987555,155921,62443799,0.5000070402705609,1397,400.0,1552,1012062,24.29489038343167,33964.256756037474,0,46399,23171.736074447632,7,0.01925631510530574,1.787289839985598
1.2226172224546452,0.04183737992621624,156058,62527901,0.5121595331125953,1422,400.0,1553,1013484,18.444929652832297,26247.134895980358,0,46468,23203.369307518005,8,0.02040611174819117,1.7300925045895748
1.0347467393133605,0.03916996909711147,156105,62552468,0.4910398631404398,463,100.0,1554,1013947,12.198468407230644,5660.089340955019,0,46487,23214.00511288643,9,0.018485921976009064,1.798562222342847
1.176972590243425,0.040836475265117696,156180,62590700,0.5071079143453807,883,400.0,1555,1014830,8.748341837046643,7733.534183949232,0,46529,23233.242921113968,0,0.018676509104217143,1.7480340620400185
1.1846163864005101,0.04014907639118479,156637,62926911,0.5000025300262145,5110,400.0,1556,1019940,13.209194791600373,67512.19457986951,0,46766,23343.33769607544,1,0.02046982664879755,1.7765731538623917
1.3495141193341171,0.03874627963869855,156882,63118145,0.5066685073406012,3171,400.0,1557,1023111,20.319550572679592,64453.61441653967,0,46914,23413.289296388626,2,0.018508099091812044,1.7656780489624275
1.428595999896829,0.04036073043907291,157032,63235694,0.49258736753104987,1970,400.0,1558,1025081,27.101526910220834,53417.10954004526,0,47006,23459.13662958145,3,0.019449896485645792,1.7997473985295802
1.3376450990411368,0.04187304811262452,157171,63315492,0.49307108390341287,1760,400.0,1559,1026841,21.38656327285799,37661.73792350292,0,47088,23498.429172039032,4,0.018825111524124208,1.799134043245902
1.229557634521054,0.041686705216275655,157197,63334033,0.49450526259833877,319,400.0,1560,1027160,21.634878873825073,6923.161239624023,0,47100,23502.969692230225,5,0.019951854865360483,1.757004379198726
1.2072877278433571,0.03942327907830825,157314,63433936,0.4925100175926362,1264,400.0,1561,1028424,20.57481063660897,26027.135455310345,0,47160,23527.38849401474,6,0.01978089487436338,1.8044608257851606
1.4314365619606626,0.04054278736109491,157458,63551206,0.5054497170624477,1445,400.0,1562,1029869,17.907621245187183,25894.420320540667,0,47225,23554.55517554283,7,0.019113603940507103,1.7606638903165677
1.1855080979512937,0.04415003775898346,157511,63577572,0.5139569761647458,564,400.0,1563,1030433,19.96211067285158,11278.592530161142,0,47255,23570.270347833633,8,0.020435680652302293,1.7156076471736577
1.0861325445788417,0.03785060959852681,157611,63630997,0.5059053543065297,1213,400.0,1564,1031646,9.401045677517548,11412.869452506304,0,47310,23592.71984243393,0,0.020072161493009465,1.764750487043334
1.2074225635705171,0.0406801761642176,158223,64039325,0.5042068677801053,6750,400.0,1565,1038396,15.215466935053488,102719.6172785461,0,47624,23735.959010601044,1,0.019303488556215866,1.7654311023224265
1.3481622767575243,0.0393545573794983,158576,64297346,0.5038702700660461,3760,400.0,1566,1042156,22.727362571474846,85477.6106313169,0,47800,23822.25847554207,2,0.01882326991402651,1.7738927897919403
1.3293176201628123,0.038740889703173534,158759,64417346,0.4851604381624099,2014,400.0,1567,1044170,18.12028704435003,36512.37839436531,0,47892,23859.949066638947,3,0.020573103469522493,1.8250052348846881
1.2046748776426663,0.03760221704943224,158842,64465304,0.5016951891792287,1038,400.0,1568,1045208,19.00990982008049,19751.29630306363,0,47940,23882.393885850906,4,0.020016095736083084,1.7768197575102411
1.2706729463908983,0.0348364293482492,158877,64497330,0.4760806597999139,345,100.0,1569,1045553,15.19694942399601,5258.14450070262,0,47955,23887.341714143753,5,0.017314208614255262,1.85868998392322
1.2767866845347582,0.03868169332178694,159144,64653631,0.4938281009880904,2619,400.0,1570,1048172,21.00369681202956,55029.68564751744,0,48075,23944.90696167946,6,0.019172736646461453,1.8052167861477209
1.700583526515709,0.04510436816881122,159192,64688242,0.5233646734539094,379,400.0,1571,1048551,28.725047833041142,10915.518176555634,0,48091,23951.533248901367,7,0.02320017055158336,1.674856993536959
1.5103856121048782,0.038347082105610754,159261,64743643,0.49660408092097374,660,400.0,1572,1049211,25.691775088275975,16982.26333335042,0,48123,23967.032075881958,8,0.019511093580711698,1.7834941745993298
1.0444775071549923,0.050019700957064026,159283,64756301,0.47521260006350474,188,400.0,1573,1049399,16.587722878607494,3135.079624056816,0,48133,23970.90058708191,0,0.020964464569183196,1.786502513462866
1.1238337190527665,0.040635356734365864,159341,64786530,0.5063913188146206,475,400.0,1574,1049874,13.097876831763932,6234.589371919632,0,48154,23981.434356451035,1,0.0202909757176071,1.7143673476135473
1.1278653431567172,0.04162086791581266,159419,64821716,0.5207202781057096,607,400.0,1575,1050481,14.539461350460586,8839.992501080036,0,48185,23996.08944773674,2,0.02249709602166888,1.6953927326378178
1.1931667132811112,0.03964109730447738,159439,64826192,0.49198925422249223,220,100.0,1576,1050701,15.09500193649827,3335.995427966118,0,48194,23998.67462015152,3,0.020163876409126466,1.766072562058636
1.1538759539483348,0.039768429043877854,159630,64956093,0.4969924640239743,1681,400.0,1577,1052382,18.51105374788841,31135.592403948307,0,48267,24030.72170996666,4,0.020268954025651216,1.7865509004103624
1.2811085873003358,0.040176798335287325,160310,65321206,0.4837695586760399,6750,400.0,1578,1059132,16.581351032730844,111940.70082196593,0,48573,24183.67111992836,6,0.019815346217405966,1.8327702116012887
1.8676086011244424,0.04353716745737901,160346,65338776,0.49936104139202536,398,400.0,1579,1059530,33.556780418058985,13389.155386805534,0,48593,24194.296900749207,7,0.02106787551981403,1.7381604233637376
1.1982673431180186,0.03895141519932728,160488,65439571,0.5168708788293338,1358,100.0,1580,1060888,20.722429523843452,28161.78172290325,0,48658,24224.886009693146,8,0.021039060831408305,1.7224512688208267
1.2821299520698755,0.03157129769136412,160504,65449406,0.4800189389129849,185,100.0,1581,1061073,19.773539567346212,3677.878359526396,0,48662,24226.60049343109,0,0.019997424902740514,1.84989767199543
1.2126824868622648,0.04322882120419021,160576,65486711,0.4936085158983441,651,400.0,1582,1061724,14.18234707812773,9246.89029493928,0,48692,24240.144367933273,1,0.017862995310510207,1.7747412484259695
1.1400219322302376,0.039384551797700194,160779,65589779,0.5023847445059447,1814,400.0,1583,1063538,13.835124425027653,25110.75083142519,0,48779,24279.062472105026,2,0.019970619678460415,1.7721125472637989
1.6686370958716183,0.034476904267525615,160806,65603731,0.5032408179660891,236,400.0,1584,1063774,22.011879062350793,5216.815337777138,0,48788,24282.386546373367,4,0.017367150466501915,1.76906343653279
1.452277714099418,0.040356282134045685,160917,65669131,0.4779673499578953,1187,400.0,1585,1064961,25.528189262833056,30327.488844245672,0,48843,24308.007368564606,6,0.020097065251810976,1.8437730114767705
1.1667070414538265,0.04192274191095209,161187,65829236,0.5129930356376954,2732,400.0,1586,1067693,21.13388533634534,57758.908624231815,0,48973,24371.96868300438,7,0.020454200756624286,1.7316508823588048
1.1834931588484063,0.04223226017221954,161298,65912248,0.49151932394064507,1226,400.0,1587,1068919,14.955004143078538,18349.790083557367,0,49028,24394.8343398571,1,0.019639959677218342,1.7971546158802119
1.0219121047271236,0.03904794803710234,161355,65955475,0.47912848261028934,649,100.0,1588,1069568,5.43848839874451,3535.0174591839314,0,49058,24409.705510616302,2,0.023451720804267724,1.8137351771212933
1.703106461522671,0.03635521141366273,161385,65970733,0.4780377451752429,416,400.0,1589,1069984,31.579423287575192,13168.619510918856,0,49074,24415.453587770462,4,0.020374480312896664,1.8590885219665656
1.2148703684673063,0.0392318446631967,161494,66047981,0.4923693421546552,1319,400.0,1590,1071303,21.992075358760175,29029.539473563433,0,49132,24442.095836639404,6,0.02108945135095175,1.7986197075136545
1.2021473049511138,0.038477201998055086,161578,66123114,0.4880614040459518,983,400.0,1591,1072286,19.917329160511738,19598.65189394355,0,49186,24464.98261332512,7,0.021148173686512842,1.8096448581724136
1.0127466095953572,0.03706790983531292,161632,66153341,0.5099971272839514,588,100.0,1592,1072874,3.995705373117191,2353.4704647660255,0,49210,24474.374558210373,1,0.021048429401217823,1.7478920918591334
1.237992118689787,0.038734963460051106,161893,66350565,0.47830791408083234,3123,400.0,1593,1075997,20.091734503318346,62766.57858836651,0,49352,24543.824714899063,4,0.01887226338335339,1.8550106837415459
1.4308763916506047,0.03910294668359473,161991,66410805,0.46644625835749354,1404,400.0,1594,1077401,23.86149009292236,33525.393580555916,0,49413,24574.596739292145,6,0.020681627243809484,1.8892518672439236
1.2214828229244845,0.04030514012428884,162108,66494387,0.5021556756283595,1701,400.0,1595,1079102,22.819448785464576,38838.70183286071,0,49493,24608.80340218544,7,0.02147884662405278,1.763097783640817
1.2374674296970547,0.04207302851840096,162180,66549692,0.5023116421096524,1169,400.0,1596,1080271,20.588355551749213,24088.37599554658,0,49548,24633.981908798218,4,0.020543711438044704,1.7585306889263277
1.3740650060141615,0.03622854345798116,162205,66576000,0.5100263546720526,406,400.0,1597,1080677,23.555083000396333,9586.918781161308,0,49566,24642.896911382675,6,0.019375524704337115,1.7221214210066318
1.2627102242859076,0.04326541183054976,162233,66596653,0.4879573508771302,561,400.0,1598,1081238,24.188463456424955,13593.916462510824,0,49593,24654.147028923035,7,0.024461454212160883,1.7748400824276684
1.4591242718758202,0.03907007856833874,162257,66629691,0.488782584447423,387,400.0,1599,1081625,23.62773916563115,9167.562796264887,0,49610,24660.329723596573,4,0.023546767702366186,1.7874499035318454
1.6350050712126103,0.03737483575719741,162301,66683881,0.4706793742302558,627,400.0,1600,1082252,25.877781066070696,16251.246509492397,0,49640,24675.97074151039,6,0.018752588918668395,1.8719858342226943
1.0971280551846698,0.042939942264852794,162333,66720944,0.5198727145462907,509,400.0,1601,1082761,20.53899426980346,10474.887077599764,0,49667,24686.915916204453,7,0.02207436582126974,1.6930364471406163
1.1369841881489111,0.039166990541120245,162647,67018237,0.5053667504668065,5122,400.0,1602,1087883,20.02152686054623,102570.28210657835,0,49906,24792.903576135635,4,0.018848705538904456,1.767992945247626
1.2215945689320493,0.040496702633125374,162905,67272073,0.5039965869744072,3346,400.0,1603,1091229,15.556228934106878,52066.69824245572,0,50062,24866.320308208466,6,0.019265676003392,1.7650400639048047
1.4339479994245785,0.03972057385137687,163009,67365428,0.5081697020935678,1219,400.0,1604,1092448,26.65816262044379,32522.958396941423,0,50121,24893.206060886383,7,0.019115525082991802,1.7507539017527742
1.238690573361612,0.03901879495334147,163053,67392113,0.48316394591787565,620,400.0,1605,1093068,24.56901576222429,15257.358788341284,0,50150,24907.591294050217,4,0.01975621835452095,1.829762026709824
1.2043621848239874,0.043595943637814695,163128,67460455,0.5089559637038614,793,400.0,1606,1093861,21.707662039724944,17235.883659541607,0,50185,24923.949955701828,6,0.02094602863532817,1.7132016986736
1.1895127909145786,0.04149378230722774,163384,67641209,0.504227949330844,2971,400.0,1607,1096832,14.89054786209343,44254.70824614167,0,50327,24989.566598653793,7,0.0200644701736956,1.7609959775210247
1.441027785431255,0.037922612383755966,163464,67682452,0.5122774290941875,880,400.0,1608,1097712,30.201621583249594,26607.62861484289,0,50371,25009.41218137741,4,0.01849004107103114,1.7470789466630874
1.149230644700199,0.04157791425426905,163646,67804594,0.5108437418050629,1758,400.0,1609,1099470,19.705999920658254,34662.85386043787,0,50454,25046.463050603867,6,0.01920289428039749,1.7363583238011848
1.3036780979468556,0.03962432451352276,163730,67859507,0.5024244071001499,709,400.0,1610,1100179,23.963761255103098,17014.2704911232,0,50486,25060.73167538643,7,0.020190463238494268,1.7594392997577202
1.2951708826915358,0.045122266584423025,163797,67895071,0.5066250040163189,738,400.0,1611,1100917,22.588885733013385,16693.18655669689,0,50523,25078.199862003326,4,0.020325291585510025,1.7233663965524668
1.2263738520394458,0.04123500335542221,163923,67971387,0.49045919144022154,1369,400.0,1612,1102286,24.578377068303798,33672.3765835762,0,50585,25104.79093670845,6,0.02122202249169193,1.7971489847139137
2.4275416414255857,0.043211074628745905,163997,68025544,0.48152606001435755,762,400.0,1613,1103048,39.92534709437646,30463.039833009243,0,50618,25121.29723405838,7,0.01908976591322504,1.8136502579056166
1.0193707332182467,0.04172163763615889,164045,68046446,0.5254126430426664,445,400.0,1614,1103493,20.426057793768,9110.021776020527,0,50642,25132.625226020813,4,0.018449032959577973,1.6857106045508345
1.0071196329960217,0.039542042277680246,164287,68194254,0.49597723128842874,2309,100.0,1615,1105802,16.26770868242045,37578.40705639124,0,50741,25177.643495321274,6,0.020612595045825948,1.7830400305762732
1.0685735547255055,0.04506681300266393,164387,68269375,0.5096179324657749,1078,400.0,1616,1106880,15.274896725777458,16481.613567113876,0,50797,25204.47846341133,7,0.02056085427204434,1.7163698234377198
1.2075650401548905,0.040725315158316254,164505,68336769,0.5142596926806304,1100,400.0,1617,1107980,18.88517085324083,20792.573109418154,0,50851,25226.36577630043,4,0.018324191196125782,1.7334940992812937
1.2692582741478422,0.03878628273819288,164616,68399704,0.49418555052326796,1359,400.0,1618,1109339,20.71074439793387,28166.61238119006,0,50912,25256.882452249527,7,0.019856493676142464,1.791400551951812
1.2212292394646398,0.04041972758031798,164715,68458155,0.48457225286875766,1144,400.0,1619,1110483,20.944518045358784,23981.473161935806,0,50964,25279.558149814606,4,0.020291118993007878,1.8229362912985285
1.1716339902834028,0.03656159458135849,164839,68531955,0.4902886332455572,1307,400.0,1620,1111790,21.85289839233645,28583.591097176075,0,51023,25307.500660181046,7,0.02137752220343407,1.8057318983344985
1.150168720150801,0.04288129505445939,164917,68582040,0.5264797548271927,827,100.0,1621,1112617,11.953252185154076,9897.292809307575,0,51065,25324.495732545853,4,0.019903799654273885,1.686142886713242
1.2566516877538454,0.04035833165258278,165162,68745578,0.5105892880495206,2533,400.0,1622,1115150,23.494142284603598,59534.156549185514,0,51183,25372.252833604813,7,0.020061718118766766,1.7422076657356473
1.2860706816157188,0.03807677631439231,165300,68860289,0.4563147772403659,1482,400.0,1623,1116632,21.6762719532966,32145.911306738853,0,51247,25402.092120409012,7,0.021596825887297794,1.9236018599304214
1.193721223364071,0.04233022842028211,165444,68928873,0.5062207220163102,1470,400.0,1624,1118102,17.701148374096057,26038.389258295298,0,51319,25432.45863032341,7,0.01976831239383061,1.746328846349145
1.2108051970380247,0.042283463853233054,165735,69121762,0.5033369256255258,2834,400.0,1625,1120936,20.11255643540169,57019.097494363785,0,51447,25487.541412591934,7,0.02124583670680531,1.754031665341749
1.244070096287811,0.039805278103226,165942,69254525,0.4813390012603856,2280,400.0,1626,1123216,18.2491348952852,41626.276696145535,0,51554,25539.118498325348,7,0.02097283384828188,1.8352532928716914
1.273547697668948,0.04071578609776222,166115,69341529,0.515570726273653,1585,400.0,1627,1124801,26.00561129524458,41244.89951425791,0,51626,25574.05991792679,7,0.01842523828467056,1.7244328145703427
1.054783594672513,0.04453671547067525,166245,69447367,0.5157209816722931,1114,0.0,1628,1125915,8.756992261078326,9764.046371102333,0,51682,25599.97452902794,7,0.019752324016872814,1.711154126873176
1.3424824184247741,0.04127355607955058,166417,69540968,0.5148590323361761,1829,400.0,1629,1127744,20.579986599869414,37661.37547776103,0,51769,25643.40414071083,4,0.01824991765859531,1.7298426866404932
1.154840546704177,0.04048844801186539,166624,69640883,0.49812621516388395,2389,100.0,1630,1130133,15.196170883123845,36318.84841066599,0,51875,25696.678922891617,4,0.0211772534574893,1.779254606686255
1.2700790741678167,0.04202959385632937,166774,69755558,0.5204974122818503,1657,400.0,1631,1131790,22.33883562207725,37037.789461404085,0,51961,25737.735089302063,7,0.02048509486975313,1.7086815144609337
1.195978212269412,0.03844063697024696,167025,69946488,0.501882825714629,2462,400.0,1632,1134252,21.747063480483966,53563.01735243201,0,52074,25791.777987480164,7,0.020042073325250525,1.7735264621678226
1.3443406058412493,0.04038541141451362,167124,70019140,0.5050594875017033,859,400.0,1633,1135111,24.234168716537397,20841.385096222162,0,52115,25809.833931207657,7,0.019315901869229404,1.7546339355072413
1.2176070498623963,0.04093269262106373,167428,70183014,0.5041948124935465,2695,400.0,1634,1137806,24.58417066716166,66278.92411866784,0,52238,25862.44891858101,7,0.01855344704918413,1.7641025157496668
1.3016889975419057,0.040688462123421046,167555,70268159,0.520125142108328,1089,400.0,1635,1138895,24.029928462685795,26192.622024327517,0,52290,25886.58363366127,7,0.018143207111346295,1.7106704679250102
1.270040955710924,0.03930671670921909,167736,70344952,0.502288234184851,1766,400.0,1636,1140661,23.70836970032982,41892.68926048279,0,52374,25924.63457751274,7,0.019234933715416774,1.7701176159609342
1.1891467887287566,0.040058969117246476,168040,70520625,0.49915235662453344,2731,400.0,1637,1143392,14.53679449277034,39714.52255424857,0,52498,25981.26943731308,7,0.018782140741958796,1.7801155179395807
1.285158260379972,0.040144249411593995,168228,70646062,0.5058516995442195,1879,400.0,1638,1145271,27.443209968523142,51593.23474082351,0,52584,26017.66056728363,7,0.019155376382399364,1.7537466435592541
1.18226139718473,0.0449683066854037,168364,70713404,0.482929798231583,1433,400.0,1639,1146704,18.792651825619544,26948.662717938423,0,52652,26046.940992593765,7,0.021133273075452038,1.7998206199995015
1.29166287028112,0.04121480105256486,168562,70849134,0.513124378874556,1953,400.0,1640,1148657,22.966274052949863,44876.099499464035,0,52746,26098.739228010178,7,0.01890294133561603,1.7310895729986004
1.332055333729655,0.03856112659438625,168702,70936422,0.4504630007018744,1588,400.0,1641,1150245,27.97193952164536,44447.411899894476,0,52814,26130.412433624268,7,0.020782979923884427,1.94717228747987
1.2319301015096353,0.040239726912134476,168768,70969246,0.49064409855046437,705,400.0,1642,1150950,23.175298948547997,16361.761057674885,0,52845,26144.180777549744,7,0.02047851623307603,1.7798847594530236
1.2071482268206255,0.037294304814899995,168981,71120114,0.50543251982303,2677,400.0,1643,1153627,20.728472386337288,55510.84905061126,0,52972,26198.225068569183,7,0.018846144085253532,1.7716547711758235
1.2575741211573284,0.03752027229412652,169129,71231017,0.49415452014758254,2376,400.0,1644,1156003,23.821189986528545,56622.96859797835,0,53084,26246.381727457047,7,0.020374934374485013,1.7982962987523299
1.3441699593548555,0.037421475590738974,169379,71447230,0.4852163831683284,3145,500.0,1645,1159148,22.777457341011814,71657.88079482317,0,53227,26314.439434051514,7,0.01875057922207398,1.832974216318718
1.1693277093066068,0.03695238589855091,169433,71476400,0.4674388671460214,641,400.0,1646,1159789,24.62154384166281,15807.031146347523,0,53253,26323.640414237976,7,0.018884703740800837,1.8805209359179165
1.232458547517365,0.039444705433390265,169530,71551828,0.49025655166184934,1020,400.0,1647,1160809,24.93617911229638,25459.838873654604,0,53299,26343.765412569046,7,0.019328433235932606,1.802635181579319
1.174333726896823,0.04447562615583993,169657,71641510,0.4885349359913747,1236,400.0,1648,1162045,21.421666219818466,26498.601113915443,0,53356,26371.29996728897,7,0.020860099074816743,1.7921311301323044
1.1488016984664677,0.03895907829748387,169766,71717212,0.5018721606242939,1464,400.0,1649,1163509,17.99945332308271,26369.199118316174,0,53425,26405.31449007988,7,0.019513016603550717,1.7686200186680185
1.2421917362456856,0.04059423562331278,169938,71851444,0.4891881481424524,2113,400.0,1650,1165622,22.58068344799155,47735.564809054136,0,53520,26449.858741521835,7,0.019704455002606616,1.8074016888666204
1.2215387779046158,0.04279386212419621,170028,71913187,0.509792905816299,905,400.0,1651,1166527,23.722347123996574,21492.446494340897,0,53564,26471.532197475433,7,0.02202950411724462,1.7153332431005324
1.2311333314624526,0.039557041551521975,170395,72145716,0.5022106256866664,3567,400.0,1652,1170094,21.792638915511592,77756.13565054536,0,53728,26552.242916584015,7,0.01870437509445946,1.7751084866095557
1.2446443449338591,0.040639836368634406,170677,72327552,0.5029501523104306,3033,400.0,1653,1173127,16.86662262486602,51173.33304384351,0,53874,26616.77769470215,7,0.020840176162541777,1.7639373065571653
1.252977077212851,0.04039615213168641,170774,72386547,0.5241707542512651,1023,400.0,1654,1174150,24.282899684854783,24865.689277291298,0,53922,26635.83718776703,7,0.01775672769630651,1.6928360617905764
1.4683841199269234,0.041983328936115484,170893,72455666,0.5079217840285246,1118,400.0,1655,1175268,29.803613996883925,33350.24406251311,0,53975,26658.444399356842,7,0.019571140628044197,1.7424579993204847
1.268507924600081,0.03931552485812625,171028,72525520,0.497130524918818,1375,400.0,1656,1176643,17.201949883339015,23669.883039474487,0,54038,26692.22175359726,7,0.020194533798356794,1.7788428812505763
1.148047265498229,0.037904862994947545,171276,72678066,0.49227499671286334,2308,400.0,1657,1178951,17.397950791767947,40171.868378192186,0,54143,26739.834835767746,7,0.0195845048300106,1.8060446783478126
1.2500705605738056,0.04350180157246017,171364,72744157,0.47922760132708286,821,400.0,1658,1179772,21.908211410444437,18008.54977938533,0,54181,26757.90185570717,7,0.020368573781726518,1.8189441278661118
1.2515167373587641,0.03810140332270617,172060,73131770,0.4887091002008495,6743,400.0,1659,1186515,17.409996325421908,117413.01521864533,0,54484,26900.211271762848,7,0.019807347251159232,1.8220248261628162
1.3910416565393742,0.03958616758321261,172193,73209816,0.48647035862604,1265,400.0,1660,1187780,26.888671136933482,34041.057659357786,0,54538,26923.06684064865,7,0.02045401599906521,1.809140289665391
1.2765999026000066,0.03799220693274893,172336,73285166,0.4907887233011338,1374,400.0,1661,1189154,20.197395084641197,27771.418241381645,0,54602,26953.11896252632,7,0.019052089240521958,1.7983148684892014
1.3356665600241953,0.0404996117906688,172415,73327914,0.47855990057429426,692,400.0,1662,1189846,25.33749723154917,17558.885581463575,0,54635,26968.97633290291,7,0.018950238989975984,1.8217045845233302
1.1702611375422705,0.039615961319935784,172636,73463140,0.4993391473470414,2016,400.0,1663,1191862,18.69361300892799,37705.01743900776,0,54728,27009.540004730225,7,0.01916409404328165,1.777794369585734
1.3004058040452726,0.04028688079005488,172777,73531736,0.5180000024924415,1320,400.0,1664,1193182,27.476502504834254,36296.45980888605,0,54792,27037.808114290237,7,0.020951206110431955,1.7072283639924457
1.2152279803135324,0.04068641171397082,173302,73851668,0.500696501805058,4845,400.0,1665,1198027,17.279334641633277,83735.65567335486,0,55014,27134.921608924866,7,0.0194679289975675,1.7752094657091877
1.536862229408861,0.0423485134243387,173355,73880478,0.5056719360298946,588,400.0,1666,1198615,30.384926856474884,17896.721918463707,0,55042,27146.150663614273,7,0.020055724726188023,1.745047660086808
1.3463270846664288,0.04115334165379538,173531,73967263,0.49295549144957274,1738,400.0,1667,1200353,22.031607271149078,38312.965044528246,0,55121,27183.106835842133,7,0.020455069981119674,1.786151303514877
1.2884217720058948,0.038601595669137526,173593,74007914,0.504237215984254,701,400.0,1668,1201054,24.765223074969743,17385.18659862876,0,55155,27199.1197578907,7,0.0182044812673756,1.7541341959126502
1.189013351624008,0.04277668496928519,173775,74140398,0.5185751370274756,1839,400.0,1669,1202893,22.535246798946805,41464.85411006212,0,55246,27235.66263484955,7,0.018111530636501047,1.7120521276732767
1.434292546247236,0.03974777942393953,173865,74203640,0.4826282693608231,914,400.0,1670,1203807,30.40364819540352,27819.338098794222,0,55285,27251.65159726143,7,0.01938693493693054,1.8282484790568312
1.8067168224858874,0.04868485985929413,173895,74219579,0.5363957863331031,262,400.0,1671,1204069,36.600196053206695,9625.85156199336,0,55298,27257.166703939438,7,0.01999933222490487,1.5732732995089516
